Date,Open AAPL,Close AAPL,Volume AAPL,Open MSFT,Close MSFT,Volume MSFT,Open GOOG,Close GOOG,Volume GOOG,Open AMZN,Close AMZN,Volume AMZN,Open NVDA,Close NVDA,Volume NVDA,Open BRKB,Close BRKB,Volume BRKB,Open TSLA,Close TSLA,Volume TSLA,Open META,Close META,Volume META,Open JNJ,Close JNJ,Volume JNJ,Open V,Close V,Volume V,Daily Volume
2022-01-03,177.830002,182.009995,104487900,335.350006,334.75,28865100,142.869995,142.64,21046000,167.550003,170.404495,63520000,277.820007,272.859985,52344000,300.100006,300.790009,3570300,364.856659,359.200012,48992700,228.449997,222.360001,24192300,179.589996,177.229996,11490400,223.91,221.770004,10759500,369268200
2022-01-04,182.630005,179.699997,99310400,334.829987,329.01001,32674300,142.44,139.65,29516000,170.438004,167.522003,70726000,273.75,267.119995,51723500,301.649994,308.529999,6003300,360.383331,361.529999,54263100,224.550003,224.850006,19544800,177.050003,178.190002,6525600,223.08,226.360001,6559600,376846600
2022-01-05,179.610001,174.919998,94537600,325.859985,316.380005,40054300,140.009995,140.70,23480000,166.882996,164.356995,64302000,267.279999,273.600006,39712000,309.869995,309.920013,6888300,363.126678,381.816681,82035900,225.979996,233.889999,28054800,178.190002,176.470001,6860600,225.759995,227.74,8521200,394446700
2022-01-06,172.699997,172,96904000,313.149994,313.880005,39646100,140.82,143.64,19076000,163.4505,163.253998,51958000,272.540009,259.309998,43661500,312.980011,313.220001,5137200,378.766663,363.753326,80075100,234.080002,231.839996,29727200,176.470001,177.610001,7446100,226.830002,226.089996,4658000,378289200
2022-01-07,172.889999,172.169998,86709100,314.149994,314.040009,32720000,143.39,141.06,19256000,163.839005,162.554001,46606000,249.339996,244.070007,70383300,315.559998,319.779999,5618300,357.823334,348.58667,89348400,226.910004,223.300003,28995100,179.389999,182.229996,10330900,222.779999,219.009995,7430000,397397100
2022-01-10,169.080002,172.190002,106765600,309.48999,314.269989,44289500,139.16,137.18,23574000,160.585495,161.485992,87798000,244.410004,242.080002,55799200,321.399994,318.929993,5812300,350.796661,352.420013,79447200,223.929993,222.949997,21037200,181.669998,181.759995,7385200,218.309998,216.14,6995100,438903300
2022-01-11,172.320007,175.080002,76138300,313.380005,314.980011,29386800,136.61,136.46,19448000,161.5,165.362,62806000,239.169998,231.190002,52478100,318.609985,319.799988,4247900,347.736664,341.829987,55013700,222.380005,222.330002,18375700,181.330002,182.119995,7144500,214.809998,216.979996,5438600,330477600
2022-01-12,176.119995,175.529999,74805200,319.670013,318.269989,34372200,136.25,134.01,16434000,166.574997,165.207001,50030000,222.139999,219.169998,57520700,320.619995,320.390015,3580400,326.799988,325.309998,59357100,218.419998,216.460007,20516600,183,179.839996,5932000,215.25,214.75,6942700,329490900
2022-01-13,175.779999,172.190002,84505800,320.470001,304.799988,45366000,132.899994,129.80,24188000,165.250504,161.214005,52188000,225.369995,215.039993,66225800,321,321.26001,4277900,332.546661,328.983337,65976000,220.240005,214.139999,20128800,179.199997,179.899994,5957500,216.5,211.39,7446600,376260400
2022-01-14,171.339996,173.070007,80440800,304.25,310.200012,39846400,132.42,128.37,23004000,160.149994,162.138,45974000,217.279999,222.029999,51694300,318.869995,324.130005,4913700,327.026672,340.790009,55121100,211.820007,214.990005,19231800,179.899994,180.660004,5643100,210.42,213.270004,8052900,333922100
2022-01-18,171.509995,169.800003,90956700,304.070007,302.649994,42333200,128.62,130.29,19542000,159.104996,158.917496,67292000,225.050003,212.580002,56909700,322.220001,320.290009,5764200,333.09668,328.333344,58422300,214.889999,210.179993,18379500,180,179.899994,6188200,214.270004,212.78,8191600,373979400
2022-01-19,170,166.229996,94815000,306.290009,303.329987,45933900,130.64,127.25,23484000,158.761993,156.298996,53242000,212,217.830002,52570100,321.350006,314.75,6086400,329.676666,334.763336,51715200,210,210.770004,16580800,179.729996,177.660004,6318700,211.669998,213.169998,4744400,355490500
2022-01-20,166.979996,164.509995,91420500,309.070007,301.600006,35380700,127.410004,127.96,14918000,156.766006,151.667496,71974000,217.199997,221.979996,51278100,315.579987,311.01001,4402300,335.019989,342.716675,49847700,210.520004,217.309998,20089900,180.720001,183.080002,14380800,213.1,215.699997,5028800,358720800
2022-01-21,164.419998,162.410004,122848900,302.690002,296.029999,57984400,128.07,130.53,22720000,149.949997,142.643005,163972000,225.169998,214.820007,46897400,309.98999,305.220001,6535400,343.333344,325.733337,70711200,213.610001,200.419998,43036500,182.240005,183.889999,8044900,218.660004,217.78,7178300,549929000
2022-01-24,160.020004,161.619995,162294600,292.200012,296.369995,85731500,131.28,128.25,22610000,139,144.544006,155624000,217.089996,201.830002,65620900,299.700012,303.730011,8504200,358.243347,336.26001,105416400,201.600006,188.070007,49954100,183.929993,183.360001,6969200,219.509995,216.449997,8850300,671575200
2022-01-25,158.979996,159.779999,115798400,291.519989,288.48999,72848600,129.350006,124.94,30158000,142.242493,139.985992,90824000,203.029999,195.149994,62471300,301.869995,307.190002,6435400,338.303345,335.016663,69696600,190.369995,184.110001,36426800,182.470001,181.539993,8003600,216.24,208.169998,6201100,498863800
2022-01-26,163.5,159.690002,108275300,307.98999,296.709991,90428900,125,119.61,46410000,144.75,138.872498,95602000,192.020004,199.020004,64156600,310.399994,309.26001,6119400,326.323334,332.67334,68341200,182.729996,186.990005,29281100,182.339996,186.009995,11176500,206.35,209.949997,6839400,526630400
2022-01-27,162.449997,159.220001,121954600,302.660004,299.839996,53481300,119.429497,123.25,34522000,140.800003,139.637497,77516000,197.179993,187.880005,65314300,311.700012,307.670013,5053200,331.809998,292.140015,136133700,186.630005,180.949997,31747400,185.100006,184.679993,10190000,206.979996,201.1,8155300,544067800
2022-01-28,165.710007,170.330002,179935700,300.230011,308.26001,49743700,122.75,119.51,49394000,140.860504,143.977997,74392000,185.979996,184.149994,49946000,307.679993,312.899994,5238200,299.526672,293.83667,76956300,174.429993,174.949997,71062900,184.240005,182.100006,11090100,217.369995,214.110001,15955800,583714700
2022-01-31,170.160004,174.779999,115541600,308.950012,310.980011,46444500,114.373001,115.02,62238000,144.75,149.573502,78308000,189.669998,197.820007,57032700,312,313.019989,5237600,299.993347,292.503326,124948500,202.919998,205.729996,100890600,182.25,183.460007,9403900,220.39,220.660004,10799100,610844500
2022-02-01,174.009995,174.610001,86213900,310.410004,308.76001,40950400,117.114998,119.41,36790000,150,151.193497,59220000,194.020004,185.470001,50043500,312.640015,313.959991,4347200,300.75,290.253326,88133100,204.460007,200.470001,49193400,182.5,180.460007,8463100,218.619995,213.13,7965000,431319600
2022-02-02,174.75,175.839996,84914300,309.630005,313.459991,36636000,117.578003,114.97,33694000,155.050507,150.612503,87330000,185.410004,195.330002,57204900,313.570007,319.600006,4632200,286.92334,300.980011,75781500,201.169998,211.130005,49915300,180.470001,178.639999,7145400,211.770004,211.529999,8803700,446057300
2022-02-03,174.479996,172.899994,89418100,309.48999,301.25,43730000,113.906502,117.16,30280000,141.737503,138.845505,225532000,194,196.020004,47575100,319.329987,315.230011,4151500,301.059998,303.083344,63709500,210.449997,212.029999,41556300,178.800003,178.289993,5898700,213.610001,208.559998,6616900,558468100
2022-02-04,171.679993,172.389999,82465400,300.209991,305.940002,35096500,116.764999,118.13,21216000,155.606506,157.639496,253456000,199.229996,203.339996,64885500,315.869995,314.98999,3654700,301.313324,317.540009,81643800,210.649994,223.410004,41375900,178.149994,180.199997,5923000,209.35,214.520004,7191100,596907900
2022-02-07,172.860001,171.660004,77251200,306.170013,300.950012,28533300,118.003502,122.57,33232000,158.520004,157.935501,102624000,198.669998,188.440002,62633100,314.910004,316.51001,3129100,313.006653,291.093323,92519100,218.740005,208.279999,41129200,179.419998,176.759995,7089200,212.270004,205.24,7749600,455889800
2022-02-08,171.729996,174.830002,74829200,301.25,304.559998,32421200,120.220497,116.75,43090000,156.750504,161.413498,76040000,187.360001,186.75,63329700,318.269989,321.440002,6237800,295.666656,288.549988,72903000,207.339996,203.770004,34747200,175.139999,176.369995,6434000,203.75,202.82,8825300,418857400
2022-02-09,176.050003,176.279999,71285000,309.869995,311.209991,31284700,115.518997,115.66,35310000,162.873505,161.189499,68786000,180.339996,169.5,64445500,323.799988,322.380005,3995900,278.816681,262.369995,90810300,199.839996,196.210007,36303200,175.449997,177.330002,7855200,200.050003,193,10314100,420389900
2022-02-10,174.139999,172.119995,90865900,304.040009,302.380005,45386200,113.303497,113.08,34520000,158.350006,159.003494,68268000,176.889999,175.949997,76147400,320.98999,319.850006,7079700,273.103333,266.679993,84401700,199.509995,197.649994,34452500,178.229996,177.089996,8186700,196.71,193.580002,11016500,460324600
2022-02-11,172.330002,168.639999,98670700,303.190002,295.040009,39175600,116.040497,114.58,31158000,158.134506,153.293503,77100000,173.470001,166.300003,67016700,320.01001,319.140015,7493400,265,244.666672,97224600,196.330002,188.740005,31153400,175.960007,176.130005,6138900,193.49,196.720001,9427300,464558600
2022-02-14,167.369995,168.880005,86185500,293.769989,295,36359500,113.710503,113.96,36502000,151.751007,155.167007,83230000,162.190002,161.75,70872800,319.609985,314.279999,8129100,233.666672,242.666672,140313000,187.059998,191.240005,38262200,176.470001,177.869995,6898600,194.529999,193.970001,9308600,516061300
2022-02-15,170.970001,172.789993,62527400,300.01001,300.470001,27058300,111.938004,113.16,41464000,157.605499,156.510498,56440000,167.880005,177.059998,67043700,316.640015,316.200012,3681400,257.82666,256.529999,92150700,192.580002,198.619995,24549800,178.699997,176.850006,7732200,197,199.229996,6684500,389332000
2022-02-16,171.850006,172.550003,61177400,298.369995,299.5,29982100,114.845497,116.52,29738000,155.790497,158.100494,52704000,175.089996,172.639999,52144600,315,315.649994,3974100,255.720001,241.456665,86098500,197.050003,200.039993,27112600,176.850006,178.080002,5516700,197.32,197.809998,5161300,353609300
2022-02-17,171.029999,168.880005,69589300,296.359985,290.730011,32461600,115.384003,114.79,23282000,158.145996,154.652496,64032000,180.740005,181.770004,58583000,314.980011,313.549988,3632400,249.119995,253.869995,80236200,202.119995,202.619995,24872700,178.720001,178.820007,5751100,202.85,204,7265600,369705900
2022-02-18,169.820007,167.300003,82772700,293.049988,287.929993,34264000,117.227501,116.70,21576000,155.499496,152.601501,63604000,177.050003,169.380005,54516100,313.829987,314.799988,4224500,248.17334,236.603333,87811800,200,192.240005,23960000,178.839996,175.5,8608800,202.82,199.99,8748200,390086100
2022-02-22,164.979996,164.320007,91162800,285,287.720001,41736100,115.237503,112.40,27982000,150.4785,150.197495,66128000,169.369995,171.240005,62131000,313.440002,314.160004,5102000,235.666672,236.473328,90296700,191.199997,191.289993,24446900,174.720001,173.940002,6874500,196.35,197.369995,9012400,424872400
2022-02-23,165.539993,160.070007,90009200,290.179993,280.269989,37811200,111.841003,110.75,29192000,151.650497,144.826996,64244000,173.320007,166.940002,73910500,316.079987,309.98999,5030600,237.996674,221.300003,144973200,194.970001,193.539993,31465600,174.850006,176.979996,7522100,199.669998,199.029999,6966600,491125000
2022-02-24,152.580002,162.740005,141147500,272.51001,294.589996,56989700,112.085503,109.31,37586000,139.837494,151.358002,100786000,162.740005,168.979996,63988900,301.779999,308.279999,8834700,218.339996,224.96666,88903500,195.190002,196.229996,25059200,177.600006,179.440002,7040800,200.88,207.559998,12187400,542523700
2022-02-25,163.839996,164.850006,91974200,295.140015,297.309998,32546700,110.103996,111.67,31558000,150.550003,153.788498,62396000,165.100006,161.539993,58855000,311.160004,319.23999,7484400,217.843338,209.386673,89092500,180.550003,181.279999,50406300,179.25,181.399994,6419800,203.910004,202.63,7458500,438191400
2022-02-28,163.059998,165.119995,95056600,294.309998,298.790009,34627500,106.377502,105.93,60386000,152.425003,153.563004,57684000,160.199997,169.75,78113200,317.350006,321.450012,7981000,207.949997,219.600006,92139300,180.399994,183.830002,28030200,180.529999,179.619995,6558900,200.589996,203.839996,5457200,466033900
2022-03-01,164.699997,163.199997,83474400,296.399994,294.950012,31217800,105.141998,105.84,37900000,152.732498,151.141998,44874000,160.360001,178.509995,99657500,320.26001,316.839996,6441400,220.473328,235.910004,106003200,182.880005,191.630005,23056500,181,179.460007,6897600,205.110001,208.550003,9212300,448734700
2022-03-02,164.389999,166.559998,79724800,295.359985,300.190002,31873000,106.050499,108.30,30288000,150.848999,152.052505,47334000,181.860001,188.110001,73837900,319.480011,323.640015,4506100,241.083328,253.210007,89295000,191.360001,195.130005,22562700,179.759995,181.089996,5853600,210,212.88,4897200,390172300
2022-03-03,168.470001,166.229996,76678400,302.890015,295.920013,27314500,109.788498,112.80,29924000,153.531494,147.898499,65198000,189.800003,186.720001,66410000,326.630005,327.73999,4594300,257.946655,252.753326,101914500,194.889999,193.639999,26131100,178,179.529999,16391400,210.38,212.169998,9586400,424142600
2022-03-04,164.490005,163.169998,83737200,294.290009,289.859985,32356500,113.079002,114.039001,51302000,147.158997,145.641006,60934000,187.240005,183.199997,54451400,322.660004,325.339996,4901900,251.720001,246.789993,77247900,196.509995,188.639999,36623500,179.149994,177.710007,5175400,212.050003,209.92,5246100,411975900
2022-03-07,163.360001,159.300003,96418800,288.529999,278.910004,43157200,114.931503,114.137001,28630000,145.443497,137.453003,86934000,182.919998,195.919998,64865600,325.679993,322.720001,5875800,244.156662,258.333344,93473100,188.449997,198.860001,31951600,177.740005,177.149994,8666500,211.889999,215.050003,5337200,465309800
2022-03-08,158.820007,157.440002,131148300,277.799988,275.850006,48159500,114.188004,117.746002,27472000,136.683502,136.014496,91662000,190.820007,187.199997,59877900,325.299988,318.519989,7905000,243.226669,234.516663,112393800,195.979996,190.779999,19465000,177.070007,176.419998,4234200,212.949997,212.64,4352500,506670200
2022-03-09,161.479996,162.949997,91454900,283.440002,288.5,35204500,115.9925,114.564003,25052000,139.5,139.279007,82656000,191.389999,187.860001,42240600,326.589996,325.399994,5874500,244.353333,238.279999,84204600,193.990005,194.25,30574200,177.210007,176.399994,5386500,215.449997,212.940002,3965100,406612900
2022-03-10,160.199997,158.520004,105342000,283.019989,285.589996,30628000,116.7425,117.010498,23786000,145.684998,146.817505,135062000,184.720001,189.259995,38891400,322.48999,325.299988,3843600,234,238.886673,72808500,191.929993,195.649994,18828700,176.979996,178.339996,5447800,211.119995,214.5,4493300,439131300
2022-03-11,158.929993,154.729996,96970100,287.959991,280.070007,27209300,115.648003,117.2295,26414000,149.574493,145.524506,68900000,187.990005,186.479996,36325200,326.529999,326.600006,5135700,240.08667,241.866669,76210500,194.669998,196.639999,22267200,178.100006,177.279999,4333100,213.759995,213.5,3646300,367411400
2022-03-14,151.449997,150.619995,108732100,280.339996,276.440002,30660700,116.876503,117.237999,22544000,145.981003,141.852997,74086000,184.809998,180.479996,39557400,328.649994,329.980011,5967200,249.339996,239.706665,96491400,194.279999,184,23501600,177.210007,173.710007,5509600,212.589996,206.110001,5138600,412188600
2022-03-15,150.899994,155.089996,92964300,280.350006,287.149994,34245100,116.341499,114.917999,23142000,142.850006,147.366501,75584000,176,169.740005,46524800,332.700012,332.549988,6928300,235.156662,232.229996,97536600,183.039993,175.570007,27450800,172.169998,172.550003,6647300,201.64,199.509995,5162500,416185700
2022-03-16,157.050003,159.589996,102300200,289.109985,294.390015,37826300,112.78125,111.427498,31324000,148.5,153.104004,84958000,160,156.470001,60415300,335.109985,336.109985,5925800,223.166672,215.736664,102767400,170.589996,164.259995,31749300,170.080002,170.809998,7997000,192.99,192.259995,7119200,472382500
2022-03-17,158.610001,160.619995,75615400,293.290009,295.220001,30816600,107.445999,106.876503,36756000,152.640503,157.238998,72934000,157.309998,158.360001,46968000,337,344.970001,7219800,218.286667,220.889999,97988700,166.029999,163.729996,27244300,171.059998,168.190002,7116800,192.720001,193.520004,6441200,409100800
2022-03-18,160.509995,163.979996,123511700,295.369995,300.429993,43390600,106.889999,107.194,25480000,156.813004,161.250504,102962000,160.949997,165.270004,56393600,344.119995,342.410004,8881500,220.916672,233,119131800,167.199997,169.350006,30008300,169.639999,169.990005,7796100,195.979996,196.160004,6490000,524045600
2022-03-21,163.509995,165.380005,95811400,298.890015,299.160004,28351200,108.899498,110.390503,33192000,161.121002,161.491501,66538000,158.600006,156.009995,54574900,344.98999,349.660004,6298300,222.736664,213.100006,107390700,163.720001,160.869995,26944100,168.399994,170.080002,7056700,191.410004,189.050003,9887200,436044500
2022-03-22,165.509995,168.820007,81532000,299.799988,304.059998,27599700,108.149498,106.636002,35314000,161.805496,164.889008,64086000,156.479996,158.800003,63033400,351.01001,349.929993,5772700,213.433334,216.759995,92641800,161.679993,163.740005,31374200,170.630005,169.460007,12486600,186.92,190.009995,15089300,428929700
2022-03-23,167.990005,170.210007,98062700,300.51001,299.48999,25715400,106.535004,107.865501,43516000,163.705002,163.408005,55812000,164.75,165.660004,48308900,349.130005,348.160004,5642400,224.603333,237.036667,122793000,165.929993,157.050003,50724900,170.75,173.009995,8219700,195.71,194.389999,6241600,465036600
2022-03-24,171.059998,174.070007,90131400,299.140015,304.100006,24484500,109.702003,112.014999,39010000,163.749496,163.649506,56798000,162.259995,163.600006,43713500,351.5,352.369995,3946300,234.503326,236.08667,101107500,158.380005,155.850006,47267800,172,175.740005,10593100,191.25,193.82,5138500,422190600
2022-03-25,173.880005,174.720001,80546200,305.230011,303.679993,22566500,111.163002,112.033997,23922000,164,164.773499,49032000,165.190002,162.25,46368000,353.899994,358.76001,4583000,237.906662,235.070007,104202600,156.270004,158.75,40499200,177,179.660004,10223500,196.139999,196.639999,4752800,386695800
2022-03-28,172.169998,175.600006,90371900,304.329987,310.700012,29578200,112.949997,112.684502,24710000,164.975006,168.990494,59854000,165,171.259995,47215300,360.589996,359.570007,4172900,237.470001,245.706665,95770800,161.729996,170.160004,68736000,180.779999,182.289993,9374400,197.729996,205.509995,7754800,437538300
2022-03-29,176.690002,178.960007,100589400,313.910004,315.410004,30393400,113.602997,118.538002,39122000,170.384003,169.315002,66154000,173.119995,168.690002,42796800,361.390015,355.119995,5004800,249.366669,244.919998,89178300,171.320007,169.490005,29174600,181.639999,182.119995,5908600,205.75,203.559998,6121200,414443100
2022-03-30,178.550003,177.770004,92633200,313.76001,313.859985,28163600,118.934998,116.622498,32840000,168.509506,166.300995,56168000,169,159.820007,46114900,354.660004,357.609985,3911200,244.483337,232.66333,90391200,169.899994,160.679993,27744500,182.169998,176.940002,9245700,204,198.119995,4354200,391566500
2022-03-31,177.839996,174.610001,103049300,313.899994,308.309998,33422100,116.350998,112.571503,28232000,166.445007,162.997498,59966000,158.139999,155.419998,48235200,359,352.910004,6065400,230.5,228.490005,82897200,163.570007,163.940002,28595200,177.220001,176.990005,7097900,197.32,199.5,4324600,401884900
2022-04-01,174.029999,174.309998,78751300,309.369995,309.420013,27110500,112.148499,112.2565,18628000,164.149506,163.559998,57090000,153.610001,151.589996,68607000,353.649994,351.880005,4123800,224.509995,224.473328,94600500,162.149994,161.25,35250600,176.860001,177.509995,10777200,195.369995,196.889999,7045200,401984100
2022-04-04,174.570007,178.440002,76468400,310.089996,314.970001,24289600,110.499496,109.372498,38046000,164.125,168.346497,49882000,148.990005,145.229996,57761000,352,345.429993,5090000,227,227.263336,74460300,160.309998,160.029999,31423900,177.449997,179.520004,5498400,196.78,199.17,4131800,367051400
2022-04-05,177.5,175.059998,73401800,313.269989,310.880005,23156700,108.336998,109.081001,31028000,167.741501,164.054993,53728000,141.75,149.639999,65139700,345.769989,344.799988,4244700,223,233.066666,84581100,158.139999,168.190002,28618600,178.830002,178.139999,5676400,196.229996,200.53,4110200,373685200
2022-04-06,172.360001,171.830002,89058800,305.190002,299.5,40110400,107.514503,113.887001,36398000,161.650497,158.755997,79056000,150.100006,151.300003,52906600,341.170013,344.709991,4547400,230.779999,231.733337,71853600,168.199997,169.770004,23085900,178.070007,178.300003,5335600,200,201.119995,4111200,406463500
2022-04-07,171.160004,172.139999,77594700,296.660004,301.369995,31411200,114.092003,115.213501,28852000,158.399994,157.7845,68136000,154.559998,158.580002,49290300,346.220001,346.51001,3815700,233.919998,244.543335,81930600,169.449997,172.190002,24083400,177.860001,178.5,5725800,202.53,202.800003,4650700,375490400
2022-04-08,171.779999,170.089996,76575500,300.440002,296.970001,24361900,116.008003,119.306,32184000,156.75,154.460495,46002000,154.300003,158.380005,46797200,348.929993,353.100006,4490500,242.333328,250.763336,101854200,169.979996,170.880005,19249200,178.330002,178.279999,3828300,202.32,203.57,3621800,358964600
2022-04-11,168.710007,165.75,72246700,291.790009,285.26001,34569300,117.550003,120.168503,29082000,152.712997,151.121994,52112000,155.259995,151.520004,43732100,352.980011,352.019989,3128900,252.103333,234.343338,99241200,167.070007,162.880005,21885600,177.699997,178.350006,3645200,202,205.059998,5353600,364996600
2022-04-12,168.020004,167.660004,79265200,289.23999,282.059998,30966700,118.650002,116.522499,26718000,153.692505,150.787506,55178000,152.679993,150.820007,45848300,352.26001,349.73999,3548800,236.846664,233.070007,87930900,164.800003,163.270004,16639700,177.979996,175.850006,4708800,203.25,204.82,6779500,357583900
2022-04-13,167.389999,170.399994,70618900,282.730011,287.619995,21907200,116.838501,114.849503,24970000,150.018494,155.541,53390000,145.899994,151.639999,52191800,349.459991,346.220001,3434200,225.5,237.039993,97954500,160.160004,163.490005,16555100,175.660004,175.440002,5291700,200.42,204.14,7597300,353910700
2022-04-14,170.619995,165.289993,75329400,288.089996,279.829987,28221600,112.639,112.186996,38958000,155.389999,151.706497,51598000,151.080002,153.720001,45623500,346.160004,344.329987,3283500,234.896667,238.313339,78557400,161.220001,158.050003,23765200,172.529999,175.679993,5359600,200,205.910004,5605500,356301700
2022-04-18,163.919998,165.070007,69023900,278.910004,280.519989,20778000,110.825996,111.440002,32366000,151.523499,152.785004,46514000,156.589996,157.619995,38593500,344.450012,346.649994,2517100,240,240.066666,69683100,160.539993,164.699997,23342800,177.710007,178.229996,5691100,209.369995,210.03,7245700,315755200
2022-04-19,165.020004,167.399994,67723800,279.380005,285.299988,22297700,112.962997,112.766998,34330000,152.029495,158.115494,54926000,163.020004,161.009995,67051700,347,348.5,3392000,244.936661,240.546661,82537500,166.75,167.229996,23574300,177.740005,174.229996,7605700,211.5,207.21,4648900,368087600
2022-04-20,168.759995,167.229996,67929800,289.399994,286.359985,22906700,113.440002,109.910004,33354000,157.602493,153.998001,59630000,164.860001,169.919998,70236600,350,348.820007,3711200,245,245.529999,80890200,170.369995,175.779999,25933700,176.330002,171.690002,13256400,208.220001,213.660004,4927100,382775700
2022-04-21,168.910004,166.419998,87227800,288.579987,280.809998,29454600,111.730003,114.620003,30992300,154.714005,148.296005,63970000,169.470001,178.070007,76053800,350.859985,343.600006,4032100,246.78334,247.5,88864200,177.490005,183.089996,24784300,172.199997,170.710007,7455800,212,213.369995,4460300,417295200
2022-04-22,166.460007,161.789993,84882400,281.679993,274.029999,29405800,114.059998,114.699997,26780100,148.25,144.350006,73078000,178.850006,180.5,55704900,342.940002,335.559998,4966500,255.106674,271.706665,142032300,180.630005,183.169998,27195800,170.050003,171.309998,5729200,213.14,216.190002,4801300,454576300
2022-04-25,161.119995,162.880005,96046400,273.290009,280.720001,35678900,115.089996,115.040001,27267800,144.022995,146.074005,61874000,178.929993,173.190002,53667100,332.299988,336.950012,5695100,276.220001,272.243347,103472700,173.070007,169.270004,42583900,171.600006,172.119995,4257000,217.92,213.699997,5071500,435614400
2022-04-26,162.25,156.800003,95623200,277.5,270.220001,46518400,111.809998,108.360001,44455300,144.800003,139.391006,77530000,170.190002,170.240005,48074800,333.529999,330.649994,4588900,272.216675,268.433319,64073400,169,166.649994,26166300,172.119995,172.460007,4437300,214.580002,214.270004,4357200,415824800
2022-04-27,155.910004,156.570007,88063200,282.100006,283.220001,63477700,108.879997,108.209999,28289900,140.191498,138.167007,71336000,168.889999,165.330002,39786500,330.600006,329.579987,3726700,266.513336,258.859985,66820800,165.940002,159.149994,28468400,172.559998,173.679993,4525500,213.85,212.49,6141000,400635700
2022-04-28,159.25,163.639999,130216800,285.190002,289.630005,33646600,107.43,105.440002,36626600,142.177994,144.596497,117316000,170.320007,177.899994,56977600,331.529999,331.269989,3845800,263.809998,274.820007,88110000,162.589996,169.580002,43846600,172.630005,173.199997,4648500,210.770004,210.470001,17432200,532666700
2022-04-29,161.839996,157.649994,131747600,288.609985,277.519989,37073900,109.599998,113.599998,41474600,129.848999,124.281502,272662000,179.75,179.839996,47464600,330.190002,322.829987,5685200,280.066681,280.899994,84723000,161.059998,160.720001,73214300,173.399994,174.199997,5513000,210.639999,211.35,7477100,707035300
2022-05-02,156.710007,157.960007,123055300,277.709991,284.470001,35151100,112.800003,114.589996,23303800,122.401001,124.5,148788000,178.130005,181.630005,43546000,324.109985,318.190002,6797200,280.700012,297.149994,95313000,157.690002,159.100006,42065400,173.789993,174.520004,6451400,212,212.110001,6059700,530530900
2022-05-03,158.149994,159.479996,88966500,283.959991,281.779999,25978600,113.400002,116.639999,31336200,124.053497,124.253502,79134000,181.820007,184.410004,47646900,319.420013,318.98999,3874700,301.276672,297.276672,117042900,157.25,159.929993,40596700,174.169998,173.910004,5461400,208.449997,211.360001,8028400,448066300
2022-05-04,159.669998,166.020004,108256500,282.589996,289.980011,33599300,115.529999,115.480003,22856200,123.599998,125.928497,110746000,181.220001,185.259995,48952700,319.100006,326.799988,4269600,294.003326,300.58667,95577600,158.309998,160.190002,27374500,175.009995,172.919998,5794200,207.800003,206.259995,9939400,467366000
2022-05-05,163.850006,156.770004,130525300,285.540009,277.350006,43260400,114.43,115.900002,17911000,123,116.406998,144392000,181.839996,188.929993,41814600,325.850006,318.679993,5257600,305,307.396667,80091000,162.690002,168.800003,31721900,172.550003,174.589996,5010000,207.99,208.479996,9520100,509503900
2022-05-06,156.009995,157.279999,116124600,274.809998,274.730011,37780300,116.339996,118.779999,25302800,114.849998,114.772499,124260000,188.490005,192.149994,40965200,317.98999,318.880005,4198800,311,308.633331,72256200,168.300003,170.570007,23938200,174.809998,171.789993,5651600,210.529999,213.470001,6789700,457267400
2022-05-09,154.929993,152.059998,131577900,270.059998,264.579987,47726000,118.300003,118.870003,15757700,111.3125,108.789001,128124000,188.100006,189.889999,38606800,315.350006,312.959991,4874400,302.670013,288.170013,113172900,166.990005,167.110001,25832700,171.300003,171.110001,5235500,210.71,215.869995,5553700,516461600
2022-05-10,155.520004,154.509995,115366700,271.690002,269.5,39336400,116.93,118.220001,15615700,111.25,108.859001,105434000,175.020004,177.929993,98185900,315.959991,312.529999,4798400,295,290.42334,98994000,168,170.25,27299100,171.300003,170.199997,4629800,215.229996,213.32,4063400,513723400
2022-05-11,153.5,146.5,142689800,265.679993,260.549988,48975900,119.120003,118.139999,17061100,108.1035,105.372002,109704000,172.520004,170.860001,66826300,313.170013,311.540009,4250700,290.293335,283.333344,86244600,168.949997,168.529999,18655100,170.539993,170.179993,5532500,212,210.259995,4596800,504536800
2022-05-12,142.770004,142.559998,182602000,257.690002,255.350006,51033800,117.989998,117.5,15424300,102.75,106.930496,132026000,176.979996,180.970001,59742200,307.950012,308.059998,5679800,297.066681,294.356659,94918800,175.990005,178.339996,30262100,171.020004,170.669998,5603400,214.830002,212.1,5746400,583038800
2022-05-13,144.589996,147.110001,113990900,257.350006,261.119995,34925100,119.589996,120.650002,20497000,109.069,113.055,93684000,181.309998,179.419998,50932700,311.25,310.359985,3767500,296.513336,286.630005,70155000,179.710007,177.490005,24079100,168.520004,167.139999,9328700,213.28,211.080002,6639600,427999600
2022-05-16,145.550003,145.539993,86643800,259.959991,261.5,32550900,122.080002,119.82,16671600,113.099998,110.810501,74566000,181.600006,187.089996,47809400,310.279999,309.290009,3697600,289.416656,300.029999,79657200,180.809998,180.5,21274000,167.539993,165.300003,14606900,213,211.330002,6443700,383921100
2022-05-17,148.860001,149.240005,78336300,266.109985,266.820007,28828800,121.160004,122.650002,16121100,113.275002,115.3685,76448000,187.009995,190.320007,45766600,315.209991,314.600006,4154200,301.786682,309.320007,89359200,178.960007,180.889999,15878700,166,166.089996,10072000,210.369995,216.419998,5290600,370255500
2022-05-18,146.850006,140.820007,109742900,263,254.080002,31356000,122.209999,122.879997,15525000,111.439499,107.112503,108380000,189.199997,188.789993,45124000,312.940002,306.640015,4417900,311.666656,306.563324,88136400,179.440002,179.470001,21156700,165.860001,167.570007,7453600,214.550003,217.139999,6564400,437856900
2022-05-19,139.880005,137.350006,136095600,253.899994,253.139999,32692300,122.32,122.510002,15626200,106.280502,107.319,88142000,185.229996,183.350006,44679900,303.929993,304.149994,4730100,303.396667,303.996674,68766000,176.759995,174.850006,20118100,166.410004,167.580002,7406600,215,214.520004,4902500,423159300
2022-05-20,139.089996,137.589996,137426100,257.23999,252.559998,39199300,120.93,120.32,17589200,109.568497,107.591003,99500000,183.009995,187.729996,41544700,307.049988,304.049988,5517600,306,302.869995,47500500,174.339996,174.660004,18844500,167.679993,166.770004,8312100,213.869995,215.25,4516400,419950400
2022-05-23,137.789993,143.110001,117726300,255.490005,260.649994,33175400,120.230003,120.860001,15652000,108.460999,107.556999,107798000,184.059998,178.490005,44158800,307.380005,310.200012,4142100,299,296.666656,61395300,170.199997,167.960007,26240800,167.100006,169.309998,8128500,214.110001,212.82,4178800,422596000
2022-05-24,140.809998,140.360001,104132700,257.890015,259.619995,29043900,119.870003,118.120003,20187000,104.025002,104.099998,102934000,174.899994,170.339996,40959300,309.390015,309.170013,3657600,291.91333,289.91333,55843200,165.490005,163.050003,19499700,168.899994,167.589996,5462600,209.940002,208.610001,5139500,386859500
2022-05-25,138.429993,140.520004,92482700,258.140015,262.519989,28547900,116.099998,115.07,19316000,103.655502,106.775002,93120000,169.889999,171.809998,36998600,308.589996,308.640015,3704800,291.453339,296.453339,63984900,162.479996,161.110001,18111800,167,166.130005,5566300,208,206.800003,3525500,365358500
2022-05-26,137.389999,143.779999,90601500,262.269989,265.899994,25002100,114.32,114.769997,14390700,107.970001,111.077499,93002000,170.119995,172.220001,52266100,311.269989,312.5,4472000,297.563324,297.09668,57259800,160.600006,163.259995,20891500,166.559998,165.580002,5684300,206.63,206.669998,4230800,367800800
2022-05-27,145.389999,149.639999,90978500,268.480011,273.23999,26910800,114.449997,114.699997,16051200,113.550003,115.1465,93660000,168.440002,179.130005,77069100,314.730011,319.109985,4280100,302.359985,296.070007,53230000,165.179993,168.779999,15550500,165.949997,167.130005,5678700,207.389999,209.82,4495000,387903900
2022-05-31,149.070007,148.839996,103718400,272.529999,271.869995,37827700,115.150002,117.699997,14874700,116.279999,120.209503,144634000,178.570007,162.600006,76912700,318.980011,315.980011,5675800,297.429993,288.089996,57163900,168.479996,161.779999,24023600,167.460007,164.270004,5667100,209.770004,202.889999,5060200,475558100
2022-06-01,149.899994,148.710007,74286600,275.200012,272.420013,25292200,115.809998,111.300003,31698700,122.255997,121.683998,127528000,160.199997,158.009995,49613200,316,312.209991,3795700,282.829987,284.820007,41864700,160.660004,159.169998,20052700,163.470001,163,5259200,201.25,202.330002,4476200,383867200
2022-06-02,147.830002,151.210007,72348100,264.450012,274.579987,44008200,110.779999,110.339996,20386100,121.683998,125.511002,100560000,159.600006,154.679993,53018100,312.649994,314.950012,3119300,287.869995,277.700012,50541800,160.350006,157.160004,19567900,163.300003,162.429993,6973300,203.919998,201.38,3918200,374441000
2022-06-03,146.899994,145.380005,88570300,270.309998,270.019989,28059000,111.029999,109.910004,20548200,124.199997,122.349998,97604000,153.839996,150.940002,57371000,312.5,310.940002,2587500,280.619995,275.609985,52107300,167.070007,162.929993,40953000,163.229996,161.339996,8741700,201,198.71,6559000,403101000
2022-06-06,147.029999,146.139999,71598400,272.059998,268.75,22400300,111.629997,109.150002,25898000,125.25,124.790001,135269000,142.089996,139.369995,117886500,313.380005,312.149994,2980900,272.579987,277.160004,54287000,163.580002,165.360001,30145700,161.490005,165.339996,7509600,198.720001,200.13,5608300,473583700
2022-06-07,144.350006,148.710007,67808200,266.640015,272.5,22860700,109.199997,110.550003,22784400,122.010002,123,85156700,141,136.470001,74315700,310.579987,313.649994,2550700,281.070007,270.209991,50890100,167.449997,160.320007,22634200,165.860001,162.740005,5803700,202.440002,197.759995,4508100,359312500
2022-06-08,148.580002,147.960007,53950200,271.709991,270.410004,17372300,111.339996,108.68,20618100,122.610001,121.18,64926600,137.309998,134.649994,53575100,312.160004,308.73999,2877400,272.679993,274.420013,55860000,160.100006,158.539993,19339800,163.940002,163.179993,7394600,197.89,198.639999,4547800,300461900
2022-06-09,147.080002,142.639999,69473000,267.779999,264.790009,26439700,108.135002,107.480003,20565100,119.989998,116.150002,67029800,135.630005,137.139999,51265700,308.100006,300.799988,3217400,273.100006,283.700012,50028900,157.759995,160.389999,16831200,162.910004,164.070007,4590600,198.71,200.419998,4098300,313539700
2022-06-10,140.279999,137.130005,91437900,260.579987,252.990005,31422800,107.760002,110.480003,22987200,113.419998,109.650002,87266000,134.589996,139.899994,62487300,296.079987,291.709991,5882600,281.299988,289.26001,53713100,158.710007,162.059998,22530800,163.880005,165.389999,5838400,197.39,200.71,4377600,387943700
2022-06-13,132.869995,131.880005,122207100,245.110001,242.259995,46135800,109.18,109.419998,21660700,104.190002,103.669998,99277700,141.570007,143.869995,48661200,285.429993,281.559998,7109100,291.670013,299.679993,54338100,163.25,169.149994,22086800,164.990005,165.710007,5500600,202.07,205.199997,4885600,431862700
2022-06-14,133.130005,132.759995,84784300,243.860001,244.490005,28651500,110.050003,111.779999,21732900,104.190002,102.309998,69728800,143.690002,145.050003,48415900,282.089996,277.640015,5838100,300.720001,304.420013,48674600,167.389999,168.960007,23220400,166.110001,165.639999,6365300,206.5,206.63,3812300,341224100
2022-06-15,134.289993,135.429993,91533000,248.309998,251.759995,33111700,111.989998,111.870003,19732900,103.860001,107.669998,85011100,138.020004,131.309998,71495600,281.160004,278.929993,5821200,292.899994,292.130005,68229600,161.539993,153.130005,44444100,163.570007,161.330002,6726400,202.050003,199.669998,5217900,431323500
2022-06-16,132.080002,130.059998,108123900,245.979996,244.970001,33169200,108.889999,105.309998,33015000,104.470001,103.660004,82186300,132.539993,131.279999,58850700,273.390015,268.559998,7199200,292.23999,302.609985,72628700,153.330002,151.470001,43064200,162.380005,164.660004,9555700,200,199.410004,4632800,452425700
2022-06-17,130.070007,131.559998,134520300,244.699997,247.649994,43084800,105.440002,105.870003,22115800,102.800003,106.220001,99772100,130.149994,129.289993,52362500,268.390015,268.079987,11562000,301.829987,303.75,64795500,149.800003,149.550003,34606300,164.449997,165.080002,7174500,198.089996,195.369995,6099300,476093100
2022-06-21,133.419998,135.869995,81000500,250.259995,253.740005,29928300,105.010002,103.900002,26494900,108.199997,108.68,70901200,127.419998,131.979996,67075100,273.850006,271.769989,4906700,299.609985,303.350006,87087800,148.050003,146.289993,40122800,165.320007,167.600006,20201500,190.220001,193.300003,9398200,437117000
2022-06-22,134.789993,135.350006,73409200,251.889999,253.130005,25939900,102.970001,103.629997,64540100,107.43,108.949997,60040100,130.119995,133.820007,56968500,267.380005,269.790009,4220700,300.089996,309.070007,60231200,145.240005,148.020004,22169500,166.300003,166.279999,7380900,191.589996,193.13,8133600,383033700
2022-06-23,136.820007,138.270004,72433800,255.570007,258.859985,25861400,102.540001,103.849998,19738600,110.389999,112.440002,64345300,132.149994,131.759995,52481800,269.850006,267.519989,4727400,306.910004,308.730011,61642800,145.779999,146.089996,23217400,165.220001,164.970001,7143400,191.1,192.07,5292500,336884400
2022-06-24,139.899994,141.660004,89116800,261.809998,267.700012,33923200,102.879997,101.830002,24001700,112.379997,116.459999,69867600,132.130005,132.610001,80767900,268.970001,278.279999,6451900,308.290009,300.799988,62555700,146.389999,142.119995,38338600,165.020004,163.279999,8071200,192.529999,187.020004,6705900,419800500
2022-06-27,142.699997,141.660004,70207900,268.209991,264.890015,24615100,102.239998,100.010002,26596800,117.089996,113.220001,62133200,130.699997,125.610001,75916200,280.529999,278.399994,4134800,299.859985,288.589996,70545400,141.550003,142.820007,34418500,163.149994,166.179993,7401100,186.35,185.78,6604700,382573700
2022-06-28,142.130005,137.440002,67083400,263.980011,256.480011,27295500,99.449997,100.57,21272700,113.5,107.400002,74942900,124.199997,125.160004,66330900,280.51001,273.859985,3868000,283.089996,275.329987,63748400,141.419998,140.410004,31710700,165.740005,166.720001,9598600,183.470001,183.96,10755800,376606900
2022-06-29,137.460007,139.229996,66242400,257.589996,260.26001,20069800,100.059998,99.169998,25657000,107.379997,108.919998,66375300,124.910004,122.279999,54734300,274.950012,273.48999,2995900,271.829987,276.01001,58076900,140.119995,136.369995,30497000,165.800003,165.699997,8735500,183.03,180.589996,9914600,343298700
2022-06-30,137.25,136.720001,98964500,257.049988,256.829987,31730900,98.610001,98.809998,22437900,108.110001,106.209999,97679400,125.07,124.129997,55385400,270.51001,273.019989,4623500,283.839996,282.940002,61925200,137.919998,134.399994,30826500,166.360001,164.940002,8686700,182.509995,177.869995,9799600,422059600
2022-07-01,136.039993,138.929993,71051600,256.390015,259.579987,22837700,99.910004,98.089996,24225000,106.290001,109.559998,73021200,124.099998,127.360001,54241400,272.5,277.5,3667300,283.079987,287.809998,54664800,134.619995,141.610001,32658500,166.25,166.360001,8660900,177.259995,179.17,9751000,354779400
2022-07-05,137.770004,141.559998,73353800,256.160004,262.850006,22941000,98.019997,100.739998,24617000,107.599998,113.5,76583700,124.480003,122.199997,53276300,274.200012,275.690002,3676900,282.76001,268.209991,77620600,139.360001,136.410004,38985400,166.479996,164.529999,7008100,178.830002,180.059998,9105200,387168000
2022-07-06,141.350006,142.919998,74064300,263.75,266.209991,23824400,99.300003,98.089996,21921500,113.209999,114.330002,66958900,120.870003,121.389999,56563800,274.839996,275.649994,3033900,266.149994,265.25,67726600,136.050003,135.679993,33166400,165,163.360001,8985200,180.059998,177.64,9472300,365717300
2022-07-07,143.289993,146.350006,66253700,265.119995,268.399994,20859900,97.730003,96.150002,26277800,113.849998,116.330002,57872300,123.470001,125.120003,54747800,277.5,279.279999,3949700,254.5,242.399994,98363500,137.139999,138.610001,27723100,164.289993,163.199997,8657000,179.339996,181.64,8842300,373547100
2022-07-08,145.259995,147.039993,64547800,264.790009,267.660004,19658800,97.220001,99.300003,24840000,114.599998,115.540001,45719700,128.789993,131.669998,58418200,279.790009,280.829987,2983400,250.520004,249.440002,109578500,140.490005,140.279999,34670700,163.850006,165.619995,6236100,185.050003,185.64,7081400,373734600
2022-07-11,145.669998,144.869995,63141600,265.649994,264.51001,19455200,101.040001,102.410004,22580900,114.080002,111.75,53487600,129.110001,132.089996,50713100,279.380005,278.51001,2864400,245.009995,240.809998,86982700,138.240005,138.979996,27979300,165.020004,165.110001,4539400,183.339996,187.669998,6119900,337864100
2022-07-12,145.759995,145.860001,77588800,265.880005,253.669998,35868500,100.690002,102.220001,18475500,112.160004,109.220001,54280300,132.199997,131.300003,64415700,277.570007,277.279999,3033000,239.440002,238.130005,69298400,137.720001,139.070007,36231100,164.789993,161.910004,5890700,186.64,185.589996,5163000,370245000
2022-07-13,142.990005,145.490005,71185600,250.190002,252.720001,29497400,101.5,102.239998,17156200,107.029999,110.400002,61353800,125.050003,120.760002,67247800,275.369995,277.470001,4197400,233.940002,223.070007,83916800,136.759995,133.449997,33214800,161.770004,160.199997,6363500,183.449997,183.830002,5610300,379743600
2022-07-14,144.080002,148.470001,78140700,250.570007,254.080002,25102800,100.650002,99.57,24249900,110.239998,110.629997,51163100,120.370003,116.699997,69869900,273,274.410004,3888500,223.929993,222.960007,67925000,133.550003,133.789993,24024000,160.630005,160.410004,5315600,184.13,182.17,4743800,354423300
2022-07-15,149.779999,150.169998,76259900,255.720001,256.720001,29774100,99.849998,98.709999,16529900,112.5,113.550003,84317800,115.610001,115.860001,66748200,277.529999,278.480011,4547400,220.949997,216.5,77013200,131.619995,128.539993,38481400,160.369995,162.729996,6212200,180.369995,179.139999,6294500,406178600
2022-07-18,150.740005,147.070007,81420900,259.75,254.25,20975000,98.25,98.050003,21617700,115,113.760002,59115400,115.790001,115,49259000,281.5,276.26001,3273800,215.330002,217.240005,66860700,128.320007,127.5,34605200,162.940002,162.690002,4341700,179.089996,178.24,4884300,346353700
2022-07-19,147.919998,151,82982400,257.579987,259.529999,25012600,98.269997,98.300003,17343400,115.699997,118.209999,60990000,109.709999,119.599998,85010300,279,283.549988,3590200,208.300003,221.720001,91483000,123.529999,130.289993,34325700,160.889999,165.149994,6465100,175,184.660004,8426400,415629100
2022-07-20,151.119995,153.039993,64823400,259.899994,262.269989,22788300,95.93,99.709999,32812200,118.620003,122.769997,71268300,120.57,112.269997,71343200,284.640015,286.040009,3877200,224.009995,204.990005,94124500,131,126.760002,23559400,164.440002,164.460007,5684600,186.78,182.619995,6449400,396730500
2022-07-21,154.5,155.350006,65086600,259.790009,264.839996,22404700,100.625,97.18,22624800,123.199997,124.629997,60239900,115.18,118.879997,58077400,287,286.850006,3699000,210.039993,219.350006,79428800,130.300003,134.039993,29612200,165.399994,166.589996,6710800,186,185.25,13952100,361836300
2022-07-22,155.389999,154.089996,66675400,265.23999,260.359985,21881300,99.519997,100.779999,23311600,125.010002,122.419998,51463800,123.440002,119.669998,65936200,288.100006,285.929993,2876100,229.5,220.190002,75891900,137.089996,132.800003,25445000,165,166.009995,10883600,189.49,187.169998,5209200,349574100
2022-07-25,154.009995,152.949997,53623900,261,258.829987,21056000,103.940002,101.389999,21610500,122.699997,121.139999,50221300,118.790001,120.510002,52313100,287.209991,287.98999,3136300,219.800003,222.039993,66571500,132.889999,133.229996,30691000,166,164.690002,10044600,185.49,186.410004,4927000,314195200
2022-07-26,152.259995,151.600006,55138700,259.859985,251.899994,39348000,100.699997,100.290001,21573700,115.790001,114.809998,67075100,121.129997,121.940002,65239800,287.790009,285.309998,2512200,208.279999,207.279999,117798100,132.929993,131.529999,26356300,165,165.110001,5659900,186.46,187.220001,5706700,406408500
2022-07-27,152.580002,156.789993,78620700,261.160004,268.73999,45994000,100.82,100.529999,25125100,117.309998,120.970001,61582000,120.980003,124.660004,60949400,287.670013,290.299988,3613200,206.419998,214.440002,75713800,126.309998,130.009995,46348600,164.710007,168.710007,8487600,185.800003,190.369995,7582500,414016900
2022-07-28,156.979996,157.350006,81378700,269.75,276.410004,33459300,98.459999,101.480003,28988700,121.57,122.279999,82245500,125.080002,125.989998,51745700,291.179993,293.899994,3986900,205.820007,211.25,100446800,127.25,129.720001,63563400,169.809998,170.979996,6855500,191.410004,190.71,7299200,459969700
2022-07-29,161.240005,162.509995,101786900,277.700012,280.73999,32152800,102.089996,102.970001,24680800,134.899994,134.949997,148892900,126.940002,132.610001,50548200,297.420013,300.600006,6976200,210.100006,222.419998,96507900,130.880005,137.509995,38433200,170.169998,170.710007,5661900,190.869995,194.38,11907200,517548000
2022-08-01,161.009995,161.509995,67829400,277.820007,278.01001,21539600,103.300003,104.93,29910200,134.960007,135.389999,76846900,128.690002,128.960007,53295300,299.700012,295.859985,4192700,219.399994,224.639999,85012500,131.679993,129.820007,82791500,171.320007,172.210007,6123800,196.580002,203.330002,15450000,442991900
2022-08-02,160.100006,160.009995,59907000,276,274.820007,22754200,96.760002,94.82,71504300,134.720001,134.160004,61922400,136.300003,131.759995,58311300,294.869995,292.170013,3166500,229.770004,225.089996,61638800,97.980003,97.940002,232316600,172.350006,172.309998,5390900,203.32,204.28,7946700,584858700
2022-08-03,160.839996,166.130005,82507500,276.76001,282.470001,23518900,94.309998,92.599998,54036500,136.210007,139.520004,71827800,131.039993,138.339996,52104000,295.049988,294.959991,4061400,225.399994,228.520004,69152400,99.580002,99.199997,95928300,173,174.869995,6073900,205,209.339996,8455600,467666300
2022-08-04,166.009995,165.809998,55474100,281.799988,283.649994,18098700,92.529999,96.580002,35696900,140.580002,142.570007,70585000,137.779999,134.970001,48634100,294.730011,292.910004,3946200,226.190002,227.539993,61554300,98.220001,93.160004,121361400,174.520004,173.970001,7810000,208.919998,207.160004,8674100,431834800
2022-08-05,163.210007,165.350006,56697000,279.149994,282.910004,16774600,95.779999,94.660004,29868700,140.100006,140.800003,50686900,138.110001,135.429993,43281700,291.869995,292.070007,3395400,234.050003,227.820007,62688800,94.330002,95.199997,110189600,174.059998,173.089996,6985000,208.910004,206.92,5919500,386487200
2022-08-08,166.369995,164.869995,60276900,284.049988,280.320007,18739200,95.589996,90.5,43220600,142.050003,139.410004,52229000,138.5,132.190002,67262800,294.869995,292.339996,3965600,226.039993,214.979996,63070300,94.209999,90.540001,71821100,172.889999,170.429993,6877300,205.759995,200.949997,6985600,394448400
2022-08-09,164.020004,164.919998,63135500,279.640015,282.299988,23405200,90.910004,87.07,43553600,138.050003,137.830002,40434700,130.429993,134.210007,50006500,293.350006,292.769989,3872100,211.360001,215.309998,56538800,90.080002,88.910004,60664000,169.809998,170.720001,4819900,198.279999,194.75,8236200,354666500
2022-08-10,167.679993,169.240005,70170500,288.170013,289.160004,24687800,86.345001,83.489998,48510400,142.899994,142.690002,54773800,139.860001,141.559998,61257600,296.480011,295.109985,3705700,222.600006,207.470001,98622200,90.349998,90.790001,55638100,171.559998,171.479996,5300900,197,196.979996,9680100,432347100
2022-08-11,170.059998,168.490005,57149200,290.850006,287.019989,20065900,85.510002,86.699997,40173300,143.860001,140.639999,44867300,142.279999,143.009995,41006100,298,296.470001,3144800,208.649994,197.080002,93916500,94.779999,96.720001,81987300,171.669998,172.979996,6621000,198.32,200.1,7821300,396752700
2022-08-12,169.820007,172.100006,68039400,288.480011,291.910004,22619700,87.339996,88.650002,26899900,142.050003,143.550003,47643500,148.009995,146.020004,59529200,297.899994,301.549988,3231300,194.020004,191.300003,128803400,95.919998,96.470001,52088300,173.130005,173.839996,5148400,201.660004,201.779999,6943700,420946800
2022-08-15,171.520004,173.190002,54091700,291,293.470001,18085700,89.160004,88.910004,30172000,142.800003,143.179993,39014600,141.619995,137.759995,45441400,298.640015,302.820007,2927200,190.779999,177.589996,127062700,101.720001,101.470001,107677300,174.270004,172.449997,6150000,200.699997,193.92,7320200,437942800
2022-08-16,172.779999,173.029999,56377100,291.98999,292.709991,18102900,88.544998,87.400002,26743900,143.910004,144.779999,59102900,148,157.5,70081900,304.98999,306.649994,3342600,189.899994,190.720001,132703000,107.120003,111.870003,80671000,174.350006,174.470001,7877500,203.089996,205.57,8048900,463051700
2022-08-17,172.770004,174.550003,79542000,289.73999,291.320007,18253400,92.339996,94.169998,42371200,142.690002,142.100006,48149800,158.070007,163.270004,65548700,305.220001,304.26001,2962600,186,195.970001,114403600,109.230003,113.019997,59961700,172.729996,169.25,11074700,206,205,9601000,451868700
2022-08-18,173.75,174.149994,62290100,290.190002,290.170013,17186200,94.709999,96.730003,30569100,141.320007,142.300003,37458700,162.179993,162.949997,52785200,304.440002,304.269989,2783100,192.770004,190.949997,92226600,110.989998,114.220001,53395000,170.25,171.910004,6581500,203.5,206.860001,5796100,361071600
2022-08-19,173.029999,171.520004,70346300,288.899994,286.149994,20570000,95.5,96.029999,24170100,140.470001,138.229996,47792800,167.220001,166.660004,54587600,302.950012,297.279999,4613100,195.880005,194.419998,91293800,116.07,117.080002,50670500,172.190002,172.389999,9351000,209.99,209.99,7316100,380711300
2022-08-22,169.690002,167.570007,69026800,282.079987,277.75,25061100,98.669998,98.720001,31831000,135.720001,133.220001,50461500,161.619995,159.100006,64954700,294,288.690002,4713900,191.509995,186.919998,66567600,114.5,113.230003,33287800,173.639999,173.460007,5500900,208.580002,210.139999,6125300,357530600
2022-08-23,167.080002,167.229996,54147100,276.440002,276.440002,17527400,98.019997,98.989998,24660200,133.410004,133.619995,36252100,157.149994,156.770004,71089400,288.850006,289.649994,2592100,183.960007,183.169998,64336000,110.410004,111.449997,35093800,173,174.860001,4464100,207.96,210.99,5385600,315547800
2022-08-24,167.320007,167.529999,53841500,275.410004,275.790009,18137000,97.18,98.5,21818700,132.75,133.800003,38627000,159.660004,154.089996,49207200,290,293.519989,3266100,185.050003,180.190002,76048900,113.800003,112.050003,33357700,175,176.199997,6555700,213.169998,210.800003,8028500,308888300
2022-08-25,168.779999,170.029999,51218200,277.329987,278.850006,16583400,99.010002,97.800003,24969900,135.259995,137.279999,37496300,151.470001,153.169998,40473900,293.709991,298.130005,3463700,175.850006,167.869995,92882700,111.519997,109.860001,24351100,175.889999,175.970001,5706600,210.300003,206.32,10450900,307596700
2022-08-26,170.570007,163.619995,78961000,279.079987,268.089996,27549300,97.559998,95.830002,18696900,136.550003,130.75,53322700,153.279999,160.380005,47286600,299.410004,289.959991,5277200,168.630005,169.910004,78452300,109.860001,111.440002,29029000,176.399994,176.820007,4707900,207.53,210.330002,5273100,348556000
2022-08-29,161.149994,161.380005,73314000,265.850006,265.230011,20338500,96.160004,97.330002,18868900,129.899994,129.789993,48101600,160.979996,165.190002,42724100,288.399994,287.450012,3098300,173.570007,183.199997,109536700,111.720001,112.239998,21343100,176.440002,177.009995,5389200,210,211.729996,3807300,346521700
2022-08-30,162.130005,158.910004,77906200,266.670013,262.970001,22767100,97.339996,98.82,17568900,131.25,128.729996,49203000,163.179993,162.699997,16793400,288.720001,285.420013,3213700,185.059998,182.860001,50672700,111.300003,111.410004,12007600,177.380005,177.240005,3058600,211.71,213.78,1993500,255184700
2022-08-31,160.309998,157.220001,87991100,265.390015,261.470001,24791800,98.464996,97.599998,8567800,129.449997,126.769997,53648700,160.259995,158.270004,30374100,287.25,280.799988,4999600,179.960007,182.919998,92905200,110.779999,108.779999,23309400,176.75,177.330002,6183100,212.259995,211.259995,10229400,343000200
2022-09-01,156.639999,157.960007,74229900,258.869995,260.399994,23263400,97.199997,96.25,19974500,126,127.82,56636100,158.270004,156.389999,29838400,279.950012,282.429993,3765000,184.990005,180.830002,83357100,109.540001,109.459999,23899200,177.009995,176.089996,6700500,209.35,209.059998,8986900,330651000
2022-09-02,159.75,155.809998,76957800,261.700012,256.059998,22855400,96,95.440002,20220000,129.5,127.510002,57429800,156.970001,169.229996,56529800,284.839996,277.670013,3793600,182.429993,194.699997,109186400,109.510002,118.099998,43348600,176.369995,178,13288000,208.220001,217,13918100,417527500
2022-09-06,156.470001,154.529999,73714800,256.200012,253.25,21328200,95.120003,101.449997,39888100,127.919998,126.110001,43888600,169.990005,171.350006,47097700,278.01001,276.589996,4362900,197.080002,194.699997,80046200,119.199997,120.440002,36551400,179,178.740005,6282600,217,217,11261500,364422000
2022-09-07,154.820007,155.960007,87449600,254.699997,258.089996,24126700,101.400002,101.279999,21771500,126.120003,129.479996,47900300,166.589996,168.759995,37138900,275.73999,281.040009,3509900,191.779999,194.860001,73645900,117.830002,123.489998,39950500,177.5,178.880005,5823900,215.729996,217.660004,5132800,346450000
2022-09-08,154.639999,154.460007,84923800,257.51001,258.519989,20319900,99.370003,100.830002,18821500,127.720001,129.820007,43988500,166.789993,166.100006,35225500,278.579987,283.339996,3542300,189.440002,182.449997,93122700,121.75,122.43,35474900,178.360001,178.779999,5120600,215.64,213.67,9006300,349546000
2022-09-09,155.470001,157.369995,68028800,260.5,264.459991,22084700,99.815002,99.870003,19955500,130.910004,133.270004,49387600,165.300003,159.869995,35269400,284.540009,285.769989,3125100,181.220001,179.820007,92150800,119.910004,114.120003,43689200,179.919998,176.100006,7943500,212,209.080002,5986000,347620600
2022-09-12,159.589996,163.429993,104956000,265.779999,266.649994,18747700,99.669998,97.309998,20877600,134.100006,136.449997,53826900,157.720001,161.199997,37238800,286.700012,288.51001,3407900,175.029999,174.039993,84213300,113.760002,113.93,29461100,176.570007,177.169998,5702600,208.800003,207.809998,7923800,366355700
2022-09-13,159.899994,153.839996,122656600,258.839996,251.990005,33353300,96.769997,95.150002,26647900,131.009995,126.82,72694000,162.729996,171.690002,51545600,283.98999,278.290009,4582700,172.199997,173.440002,97624500,116.389999,115.330002,30619400,176.820007,177.199997,4798500,209.509995,209.1,4896500,449419000
2022-09-14,154.789993,155.309998,87965400,253.529999,252.220001,23913000,95.690002,93.949997,25593200,127.360001,128.550003,45316800,171.600006,170.009995,46533800,279,278.420013,3718400,173.839996,179.050003,104872300,115.300003,115.900002,26033400,177.119995,175.740005,4561000,207.910004,208.699997,4928400,373435700
2022-09-15,154.649994,152.369995,90481100,249.770004,245.380005,31530900,93.900002,93.07,21885300,127.379997,126.279999,52887200,170.369995,175.350006,45732800,278.690002,276.700012,3274500,176.100006,167.820007,109794500,115.18,114.709999,24747100,175.949997,177.839996,4882400,210,214.589996,5941700,391157500
2022-09-16,151.210007,150.699997,162278800,244.259995,244.740005,39791800,93.089996,93.559998,27380900,122.779999,123.529999,115667800,185.309998,180.720001,65658900,275.350006,274.809998,7288900,174.869995,160.949997,175862700,122.129997,120.150002,44701100,179.100006,179.210007,9177500,219.53,213.03,14585000,662393400
2022-09-19,149.309998,154.479996,81474200,242.470001,244.520004,26826900,98.07,95.849998,34788500,122.160004,124.660004,47279700,179.869995,176.740005,49688800,272.790009,278.950012,3291500,159.25,156.800003,140682300,119.389999,121.589996,36922000,178.580002,179.759995,9533600,212.85,213.32,7001700,437489200
2022-09-20,153.399994,156.899994,107689800,242.070007,242.449997,26660300,95.540001,95.309998,26452900,123.349998,122.190002,47698400,171.460007,169.520004,47854200,277.170013,277.130005,3275600,153.440002,157.669998,122334500,118.330002,116.150002,34531000,179.199997,177.490005,7602400,209.6,207.910004,10831800,434930900
2022-09-21,157.339996,153.720001,101696800,244.270004,238.949997,28625600,93.540001,91.199997,28298800,122.489998,118.540001,58498900,168.639999,165.710007,47823200,278.899994,270.73999,3941800,159.639999,150.229996,139032200,120.230003,119.43,67064000,177,175.669998,18841800,207.49,206.889999,12472900,506296000
2022-09-22,152.380005,152.740005,86652500,237.869995,240.979996,31061200,91.199997,90.860001,48485500,117.080002,117.309998,55229200,165.720001,162.539993,35403900,271.029999,268.51001,4120900,154,149.869995,139390600,116.830002,114.480003,29769900,175.350006,175.479996,5736000,206.63,204.82,4893600,440743300
2022-09-23,151.190002,150.429993,96029900,239.539993,237.919998,34176000,90.879997,89.150002,23020500,116,113.779999,65126700,160.639999,160.850006,40326000,266.01001,267.769989,5175100,146.050003,137.800003,159563300,113.260002,117.089996,28742500,176,175.669998,6174700,203.88,205.360001,5024900,463359600
2022-09-26,149.660004,150.770004,93339400,237.050003,237.449997,27694200,88.730003,89.629997,21976800,113.300003,115.150002,62723300,161.139999,165.009995,32502500,265.820007,264.320007,4929300,139.339996,137.570007,145417400,116.699997,119.760002,20392800,176.270004,177.679993,5472000,206.57,206.809998,4086900,418534600
2022-09-27,152.740005,151.759995,84442700,239.979996,236.410004,27018700,89.730003,90.25,20336400,117.199997,114.410004,60094700,160.940002,153.389999,56504500,266.98999,265.470001,5767700,136,125.349998,210090300,117.199997,117.120003,23618100,176.770004,177.029999,5709100,205.75,205.059998,5690300,499272500
2022-09-28,147.639999,149.839996,146691400,236.809998,241.070007,29029700,88.93,88.260002,23656100,114.379997,118.010002,55763800,151.960007,152.059998,34932600,265.649994,271.779999,5941800,126.370003,123.150002,166989700,116.029999,118.040001,17796600,176.669998,177.479996,3683400,204.13,205.830002,3246000,487731100
2022-09-29,146.100006,142.479996,128138200,238.889999,237.5,27484200,87.620003,89.809998,17815000,115.599998,114.800003,58969700,150.740005,141.210007,46490200,269.890015,269.579987,5210700,117.5,109.099998,208643400,117.93,116.879997,21392300,178.110001,177.429993,3067300,205.919998,206.28,2904900,520115900
2022-09-30,141.279999,138.199997,124925300,238.289993,232.899994,35694800,89.309998,87.93,15470900,114.080002,113,59479600,139.270004,140.360001,35106600,269.209991,267.019989,6057500,110.349998,112.709999,221070500,116.25,115.620003,19612500,177.759995,176.660004,2645400,206.67,204.99,3139200,523202300
2022-10-03,138.210007,142.449997,114311700,235.410004,240.740005,28880400,87.5,86.459999,17879600,113.580002,115.879997,50941900,144.020004,146.029999,35492300,269.519989,272.799988,4901000,120.389999,121.82,221923300,116.400002,120.260002,22366200,177.550003,177.559998,2828800,205.949997,208.059998,3675500,503200700
2022-10-04,145.029999,146.100006,87830100,245.089996,248.880005,34888400,87.029999,88.949997,18280700,119.889999,121.089996,62812600,143.339996,146.139999,31049000,277.420013,280.48999,4633700,119.949997,123.18,157777300,118.160004,120.339996,19583800,177.490005,176.649994,4216600,206.309998,207.759995,4159400,425231600
2022-10-05,144.070007,146.399994,79471000,245.990005,249.199997,20347100,87.364998,88.730003,19190300,118.580002,120.949997,48217500,148.509995,143.149994,40127700,276.869995,279.359985,3350400,118.470001,108.099998,231402800,122.82,124.739998,35528500,176.160004,178.190002,6344900,209.279999,207.389999,4202800,488183000
2022-10-06,145.809998,145.429993,68402200,247.929993,246.789993,20239900,89.830002,89.699997,20738500,120.769997,120.300003,42253800,145.669998,147.490005,43132400,278.200012,276.309998,3394000,109.110001,113.639999,180389000,127.379997,127.370003,32397100,178.889999,180.130005,9788800,209.619995,212.610001,6606200,427341900
2022-10-07,142.539993,140.089996,85925600,240.899994,234.240005,37769600,91.010002,88.709999,27046500,118,114.559998,54678000,144.910004,142.649994,38916800,274.440002,269.040009,4270200,110.510002,110.339996,157986300,126.129997,126.940002,25447100,179.020004,178.800003,6255300,213.800003,211.110001,5246000,443541400
2022-10-10,140.419998,140.419998,74899000,233.050003,229.25,29743600,88.07,86.769997,23136100,115.099998,113.669998,42339700,144.740005,148.589996,40504400,269.890015,266.929993,3106500,103,113.059998,220911100,128.970001,130.020004,27584500,180.130005,180.25,5706000,214,217.75,6829700,474760600
2022-10-11,139.899994,138.979996,77033700,227.619995,225.410004,30474000,87.360001,88.160004,26612600,112.709999,112.209999,56432200,152.839996,156.279999,50423100,266.100006,267.309998,3442000,118.959999,119.769997,190284000,131.160004,129.470001,26649100,179.300003,175.580002,7925300,219.07,218.6,6294500,475570500
2022-10-12,139.130005,138.339996,70433700,225.399994,225.75,21903900,89.195,88.800003,22996700,112.489998,112.900002,45728700,155.070007,159.089996,38410100,267.309998,264,3342400,121.07,118.849998,167642500,127.269997,132.990005,28684400,175.699997,175.160004,5047500,218.99,221.089996,10857000,415046900
2022-10-13,134.990005,142.990005,113224000,219.850006,234.240005,42551800,86.720001,89.239998,22855600,107.879997,112.529999,86868100,158.399994,160.009995,35328500,260.579987,275.779999,5483400,122.089996,123.220001,183810800,130.960007,132.889999,25423000,175.570007,174.880005,6494800,221.28,222.1,5408200,527448200
2022-10-14,144.309998,138.380005,88598000,235.539993,228.559998,30198600,90.059998,92.260002,25998800,114.099998,106.900002,67737300,161,165.110001,55140900,277.589996,272.670013,4292300,122.559998,123.559998,169400900,133.440002,136.710007,30757700,174.259995,174,4269400,222.1,223.619995,4264400,480658300
2022-10-17,141.070007,142.410004,85250900,235.820007,237.529999,28142300,92.400002,91.910004,22754200,110.110001,113.790001,62782000,162.779999,168.990005,44728700,276.480011,277.019989,4452100,116.550003,122.400002,180714100,134.970001,136.979996,22423800,173.190002,173.429993,6088000,221.910004,223.059998,4283200,461619300
2022-10-18,145.490005,143.75,99136600,243.240005,238.5,26329600,91.528,92.800003,18630700,119.059998,116.360001,65607400,168.990005,177.020004,51110200,282.73999,281.670013,4292700,125.699997,131.490005,186477000,136.179993,135.360001,21147600,174,172.360001,6053300,222.38,223,6101100,484886200
2022-10-19,141.690002,143.860001,61758300,237.039993,236.479996,19985700,92.779999,92.160004,22935800,114.709999,115.07,47198100,176.669998,173.770004,43962400,280.329987,278.339996,3213700,136.559998,128.779999,195680300,135.809998,133.020004,20215500,171.649994,169.759995,7047800,224.080002,219.46,6558000,428555600
2022-10-20,143.020004,143.389999,64522000,235.770004,236.149994,21811000,92.940002,91.779999,19641600,113.830002,115.25,48795100,170.360001,167.649994,45293200,278.070007,273.529999,3916600,127.260002,127.169998,170291900,132.490005,136.149994,28625200,169.029999,169.529999,6939500,218.1,220.410004,4853100,414689200
2022-10-21,142.869995,147.270004,86548600,234.740005,242.119995,26299700,91.389999,93.910004,28707700,114.790001,119.32,55660500,170.110001,178.389999,56496700,273.76001,282.51001,4995400,128.679993,133.419998,138858100,135.889999,139.369995,28688600,170.100006,168.740005,8620600,221.139999,224.309998,5211000,440086900
2022-10-24,147.190002,149.449997,75981900,243.759995,247.25,24911200,95.949997,99.279999,53704800,119.980003,119.82,49531500,180.639999,191.929993,65516300,284.100006,287.480011,3860000,135.869995,143.75,203119200,139.289993,143.270004,27470100,169.100006,168.309998,8425400,224.6,224.17,5501500,518021900
2022-10-25,150.089996,152.339996,74732300,247.259995,250.660004,34775500,99.129997,101.209999,31791800,119.650002,120.599998,50934600,188.270004,192.649994,49620400,288.769989,289.23999,3171000,143,143.889999,158699100,141.690002,143.139999,21970200,169.020004,168.309998,10541800,222.020004,223.889999,5274900,441511600
2022-10-26,150.960007,149.350006,88194300,231.169998,231.320007,82543200,99.550003,99.209999,27391400,116,115.660004,68802300,189.130005,193.229996,44953700,289.75,288.519989,3294100,141.910004,144.429993,192734300,141.220001,141.5,26622000,167.169998,169.509995,7099800,221.619995,224.89,4729600,546364700
2022-10-27,148.070007,144.800003,109180200,231.039993,226.75,40424600,97.199997,96.730003,31000900,113.919998,110.959999,129605400,197.009995,198.020004,48953500,290.309998,289.880005,4273800,159.970001,160.270004,234815100,144.399994,147.300003,25482100,169.550003,168.889999,6946100,226,224.71,7043400,637725100
2022-10-28,148.199997,155.740005,164762400,226.240005,235.869995,40647700,98.279999,99.160004,24542100,97.910004,103.410004,223133400,194.619995,203.649994,54214200,292.769989,299.630005,4627600,162.429993,177.899994,306590600,148.240005,151.740005,35771900,168.539993,168.229996,6058100,228,231.440002,11382600,871730600
2022-10-31,153.160004,153.339996,97943200,233.759995,232.130005,28357300,99.050003,100.709999,29020400,103.559998,102.440002,99251400,199.5,191.619995,48861100,297.980011,295.089996,4626400,178.050003,166.660004,230878800,149.410004,147.059998,28040100,167.929993,162,23259100,230.199997,229.1,5677400,595915200
2022-11-01,155.080002,150.649994,80379300,234.600006,228.169998,30592300,98.745003,97.949997,24365100,103.989998,96.790001,153370000,191.699997,195.369995,49801700,298.450012,294.130005,3837000,164.570007,173.220001,196813500,147.949997,148.970001,29842100,161.699997,163.419998,11612500,228.809998,230.21,11294200,591907700
2022-11-02,148.949997,145.029999,93604600,229.460007,220.100006,38407000,97.860001,99.870003,22306800,97.32,92.120003,135761800,196.910004,209.429993,66047700,293.040009,289.459991,4269000,173.889999,181.410004,213806300,148.029999,153.119995,55661000,162.990005,164.919998,9865300,229.369995,230.89,5792700,645522200
2022-11-03,142.059998,138.880005,97918500,220.089996,214.25,36633900,99.739998,101.43,26392600,92.470001,89.300003,136683300,210,217.089996,56427600,286.019989,283.850006,3122900,187.330002,188.270004,217448300,183.380005,188.770004,150475700,163,165.539993,10099000,233.96,229.559998,7190000,742391800
2022-11-04,142.089996,138.380005,140814800,217.550003,221.389999,36789100,106.790001,108.800003,46622600,91.489998,90.980003,129101300,210,211,42936600,286.769989,287.470001,3925300,183.949997,189.979996,232662000,183.470001,186.529999,76809700,166.029999,164.610001,6868500,228.690002,230.13,5243600,721773500
2022-11-07,137.110001,138.919998,83374600,221.990005,227.869995,33498000,103.510002,105.220001,36823400,91.949997,90.529999,77495700,208.059998,210.889999,45219700,290.920013,290.190002,3522000,193.009995,194.759995,186188100,186.529999,186.059998,42483800,164.550003,163.360001,7021000,228.699997,229.440002,3402400,519028700
2022-11-08,140.410004,139.5,89908500,228.699997,228.869995,28192500,102.684998,103.470001,25573000,90.790001,89.980003,88703400,213.820007,221.729996,66415000,291.109985,292.609985,3562200,196.429993,196.809998,186010300,185.580002,191.619995,47080700,161.600006,163.399994,7310800,228.020004,231.32,4042600,546799000
2022-11-09,138.5,134.869995,74917800,227.369995,224.509995,27852900,103.629997,108.040001,33738800,89.470001,86.139999,90796200,223.869995,222.050003,55965100,291.980011,288.649994,2759300,196.100006,201.289993,180673600,190,183.429993,36139100,163.300003,163.610001,6054700,230.339996,230.199997,4978600,513876100
2022-11-10,141.240005,146.869995,118854000,235.429993,242.979996,46268000,102.690002,100,73546000,92.940002,96.629997,173414900,226.059998,223.369995,52387600,297.109985,303.200012,5693100,207.779999,207.320007,215431400,186.130005,177.919998,37118800,163.630005,161.399994,7949500,232.410004,229.35,5238400,735901700
2022-11-11,145.820007,149.699997,93979700,242.990005,247.110001,34620200,100.540001,95.459999,97798600,97.879997,100.790001,111590500,216.899994,212.649994,55073700,305.559998,309.720001,6570200,202.229996,196.889999,204754100,176.350006,174.149994,33433600,161.770004,162.149994,7028000,228.96,227.199997,4509700,649358300
2022-11-14,148.970001,148.279999,73374100,241.990005,241.550003,31123300,95.739998,94.860001,49325300,98.769997,98.489998,99533100,215.380005,217.880005,47491900,310,308.910004,4637600,194.419998,194.639999,172475500,178.220001,179.429993,31463200,161.330002,162.75,6414700,226.88,228.88,4946700,520785400
2022-11-15,152.220001,150.039993,89868300,245.660004,241.970001,31390100,95.010002,95,43116600,103.209999,98.940002,111336300,215.779999,229.710007,67547400,313.670013,309.980011,4372400,191.940002,209.25,216455700,177.160004,179.479996,24034600,162.740005,162.039993,6316000,228.669998,229.389999,4829400,599266800
2022-11-16,149.130005,148.789993,64218300,242.789993,241.729996,24093300,94.660004,94.949997,42513100,96.849998,97.120003,87958800,225.490005,227.639999,42057500,310.929993,308.76001,2970600,211.759995,214.240005,181006400,176.419998,177.160004,25308900,161.949997,159.369995,12621800,227.589996,228.919998,4407300,487156000
2022-11-17,146.429993,150.720001,80389400,237.779999,241.679993,23123500,94.739998,97.099998,36964500,95.370003,94.849998,82617900,221.330002,220.020004,41202600,305.700012,307.440002,3062200,210.779999,202.039993,229586500,172.75,172.440002,25827500,159.070007,158.240005,11177000,226.07,225.830002,3865900,537817000
2022-11-18,152.309998,151.289993,74829600,243.509995,241.220001,27613500,95.540001,95.779999,35642100,95.949997,94.139999,72428200,216.309998,213.880005,46588800,310.549988,310.76001,3395500,199.990005,208.309998,213738500,170.220001,172.880005,24171300,157.020004,160.389999,12401900,224.17,223.559998,4520200,515329600
2022-11-21,150.160004,148.009995,58724100,241.429993,242.050003,26394700,95.07,94.589996,31095100,93.970001,92.459999,84330300,210,206.550003,41001500,310.809998,311.200012,2862000,204.990005,197.369995,180018600,174.309998,172.080002,34592600,159.649994,158,9423900,220.160004,220.619995,7276100,475718900
2022-11-22,148.130005,150.179993,51804100,243.589996,245.029999,19665700,93.239998,92.050003,28367200,92.620003,93.199997,62192000,207.070007,207.539993,51318400,313,315.76001,3172000,197.929993,200.860001,191828500,171.070007,171.119995,22433200,158.5,157.779999,9820200,220.410004,220.020004,4621800,445223100
2022-11-23,149.449997,151.070007,58301400,245.110001,247.580002,19508500,91.933998,91.800003,29891100,93.239998,94.129997,59414700,234.399994,236.639999,111799500,315.390015,316.179993,2684900,203.910004,202.070007,146360000,172,172.039993,20017800,157.710007,157.729996,9385100,221.559998,221.13,5533800,462896800
2022-11-25,148.309998,148.110001,35195900,247.309998,247.490005,9200800,92.129997,91.07,32423700,93.790001,93.410004,35088600,232.25,232.860001,58971600,317.519989,317.429993,1844900,196.330002,196.880005,142228100,168.639999,170.389999,19791300,156.649994,155.970001,8689700,218.479996,219.550003,4414400,347849000
2022-11-28,145.139999,144.220001,69246000,246.080002,241.759995,24778200,89.629997,89.349998,31295600,93.93,93.949997,74943100,236.699997,235.009995,45299400,316.25,313.269989,4230700,202.029999,207.630005,161028300,171.880005,169.539993,19277000,156.449997,155.630005,7267100,220.729996,220.35,4255300,441620700
2022-11-29,144.289993,141.169998,83763800,241.399994,240.330002,17956300,90.089996,90.099998,22724300,94.040001,92.419998,65567300,233.720001,232.160004,45596300,311.890015,315.130005,3740100,210.589996,205.710007,153144900,171.899994,174.940002,46051100,154.979996,153.259995,9062300,220,219.940002,5385400,452991800
2022-11-30,141.399994,148.029999,111380900,240.570007,255.139999,47594200,89.540001,90.300003,30546900,92.470001,96.540001,102805800,231.919998,226.979996,46002600,315.130005,318.600006,7919700,206.210007,202.770004,156852800,174.589996,173.419998,30998400,153.009995,152.570007,6767000,219.46,218.360001,4792700,545661000
2022-12-01,148.210007,148.309998,71250400,253.869995,254.690002,26041500,90.160004,90.510002,26323900,96.989998,95.5,68488000,224.880005,233.139999,38941500,319,315.839996,4351600,186.740005,190.899994,181500700,172.380005,174.529999,17352000,151.75,152.449997,8762500,217.889999,219.059998,5539300,448551400
2022-12-02,145.960007,147.809998,65447400,249.820007,255.020004,21528500,89.860001,92.309998,23328600,94.480003,94.129997,72496400,233.199997,238.899994,41168400,313.48999,316.149994,3025700,194.800003,197.789993,153800400,178.919998,185.25,45821600,153.369995,154.020004,5744500,220.199997,223.770004,6055100,438416600
2022-12-05,147.770004,146.630005,68826400,252.009995,250.199997,23435300,92.739998,94.019997,30220900,93.050003,91.010002,71535500,238.910004,235.539993,43742900,315.220001,310.570007,3835800,198.539993,193.809998,128100100,188,184.899994,33209400,154.660004,155.559998,8148200,223.92,226.75,5737600,416792100
2022-12-06,147.070007,142.910004,64727200,250.820007,245.119995,22463700,94.360001,95.580002,28288200,90.5,88.25,75503600,236,232.880005,51515400,309.950012,307.779999,3877400,191.380005,187.710007,148125800,189,184.509995,36701500,156.089996,154.089996,7457700,226.75,223.169998,4386800,443047300
2022-12-07,142.190002,140.940002,69721100,244.830002,244.369995,20481500,95.419998,94.169998,24101500,88.339996,88.459999,68086900,234.869995,241.809998,51357300,307.070007,305.820007,4130800,185.039993,182,151897800,182.869995,184.970001,19432400,153.979996,152.960007,6230500,221.96,222.190002,4194900,419634700
2022-12-08,142.360001,142.649994,62128300,244.839996,247.399994,22611800,94.404999,94.650002,25395200,89.239998,90.349998,73305900,241.75,234.360001,50125700,306,305.98999,2351700,180.25,172.919998,170023800,186.350006,181.690002,26582800,153.460007,151.240005,7439400,221.39,220.009995,5066700,445031300
2022-12-09,142.339996,142.160004,76097000,244.699997,245.419998,20609700,94.489998,92.660004,24438900,88.900002,89.089996,67398500,234.089996,229.649994,47453200,305.320007,306.390015,3326000,175.130005,173.440002,191007900,181.009995,179.509995,25547400,151.860001,151.610001,8502100,219.02,216.139999,6638900,471019600
2022-12-12,142.699997,144.490005,70462700,247.449997,252.509995,30665100,92.5,91.010002,32831700,89.209999,90.550003,61999800,227.520004,229.660004,42189000,307.549988,311.450012,4366700,167.460007,174.479996,167790300,177.960007,180.899994,24728000,152.089996,153.059998,10799600,214.63,214.470001,6810800,452643700
2022-12-13,149.5,145.470001,93886200,261.690002,256.920013,42196900,90.565002,91.660004,31508600,95.230003,92.489998,100212000,234.960007,240.630005,47491000,318.399994,312.329987,5042800,177.309998,183.259995,143717900,187.580002,194.020004,41642600,153.279999,153.919998,8421200,218,218.660004,7985600,522104800
2022-12-14,145.350006,143.210007,82291200,257.130005,257.220001,35410900,93.07,94.25,32303900,92.5,91.580002,70298000,237.610001,242.279999,52448600,312.73999,309.290009,4056900,180.800003,180.449997,145995600,192.949997,197.75,42123600,152.839996,154.350006,7757700,214.41,216.369995,8372200,481058600
2022-12-15,141.110001,136.5,98931900,253.720001,249.009995,35560400,93.540001,96.550003,38367300,89.889999,88.449997,84802900,240.270004,255.410004,58325300,306.429993,301.910004,5103900,180.369995,184.130005,121136800,198.259995,204.929993,50447100,153.449997,154.029999,7605500,215.16,217.449997,13674600,513955700
2022-12-16,136.690002,134.509995,160156900,248.550003,244.690002,86102000,96.57,101.07,54499500,88.269997,87.860001,146144100,259.820007,257.25,84694400,299.049988,300,8305700,184.520004,180.130005,132936600,200.559998,195.610001,50074800,154.479996,152.380005,20539900,214.86,217.389999,18797500,762251400
2022-12-19,135.110001,132.369995,79592600,244.860001,240.449997,29696400,100.839996,102.459999,76109100,87.510002,84.919998,83531500,256.149994,259,43274700,300.51001,300.029999,3842200,178.080002,183.25,129684400,198.479996,197.809998,25186300,152.470001,153.889999,7129000,217,218.14,9817400,487863600
2022-12-20,131.389999,132.300003,77432800,239.399994,241.800003,25150800,101.059998,101.93,26033900,85.330002,85.190002,74348300,261.799988,261.98999,54740800,300.089996,302,3090700,188.279999,197.580002,153391400,203.199997,202.160004,31827000,154,153.889999,8376800,221.33,221.949997,8971400,463363900
2022-12-21,132.979996,135.449997,85928000,241.690002,244.429993,23690600,101.980003,105.839996,33122800,86.18,86.769997,59267200,264.25,264.679993,79729500,304.380005,307.820007,3264600,199.300003,191.149994,150376400,202.5,199.809998,28477800,153.850006,151.050003,7943500,222.5,220.03,6700600,478501000
2022-12-22,134.350006,132.229996,77852100,241.259995,238.190002,28651700,105.139999,104.220001,32336900,85.519997,83.790001,81431300,271.149994,271.910004,56488900,306.100006,302.690002,3560100,195.259995,192.220001,144193900,202.839996,204.279999,27389700,151.179993,151.130005,9051500,220.44,222.589996,6427700,467383800
2022-12-23,130.919998,131.860001,63814900,236.110001,238.729996,21207000,105.889999,106.260002,31385800,83.25,85.25,57433700,270.309998,267.790009,45492000,302.880005,306.48999,2460400,191.649994,190.410004,116312400,205.179993,206.009995,27716400,151.479996,152.649994,5696200,220.66,221.03,4791500,376310300
2022-12-27,131.380005,130.029999,69007800,238.699997,236.960007,16688600,105.739998,106.059998,25236200,84.970001,83.040001,57284000,268.369995,265.309998,36102600,306.450012,305.549988,2730900,194.419998,191.809998,120851600,204.809998,202.839996,18527200,154.199997,153.300003,6772300,222.58,221.809998,7210900,360412100
2022-12-28,129.669998,126.040001,85438400,236.889999,234.529999,17457100,105.32,103.059998,25393400,82.800003,81.82,58228600,264.470001,264.100006,35610400,304.769989,303.429993,2628200,192,189.190002,98654600,200.149994,200.679993,19127300,152.389999,151.820007,6115300,222.82,220.330002,6418400,355071700
2022-12-29,127.989998,129.610001,75703700,235.649994,241.009995,19770700,103,101.360001,24913500,82.870003,84.18,54995900,268.25,269.839996,39369400,305.940002,309.059998,2846200,193.130005,193.880005,123660000,203.559998,205.350006,18851100,152.240005,153.309998,6012000,222.28,223.300003,4483000,370605500
2022-12-30,128.410004,129.929993,77034200,238.210007,239.820007,21938500,102.720001,101.900002,26129700,83.120003,84,62401200,272.290009,273.829987,36381900,306.950012,308.899994,3298300,195.580002,195.279999,110012000,203.380005,207.839996,22577200,153.580002,153.429993,4555700,223.91,222.360001,5383600,369712300
